{
  "schema_version": 1,
  "aggregation": "arithmetic_mean",
  "attempts_per_proof": 32,
  "problems": [
    {
      "problem_id": "1",
      "attempts": 32,
      "attempt_scores": [
        3,
        3,
        3,
        4,
        4,
        4,
        3,
        4,
        3,
        2,
        4,
        3,
        3,
        2,
        4,
        3,
        3,
        3,
        4,
        3,
        3,
        4,
        3,
        3,
        3,
        3,
        3,
        4,
        3,
        3,
        4,
        3
      ],
      "score_distribution": {
        "0": 0,
        "1": 0,
        "2": 2,
        "3": 20,
        "4": 10,
        "5": 0,
        "6": 0,
        "7": 0
      },
      "score_out_of_7": 3.25,
      "score_percent": 46.42857142857143
    },
    {
      "problem_id": "2",
      "attempts": 32,
      "attempt_scores": [
        2,
        0,
        0,
        0,
        0,
        0,
        0,
        0,
        0,
        2,
        0,
        2,
        0,
        2,
        0,
        0,
        0,
        0,
        0,
        0,
        0,
        0,
        0,
        0,
        0,
        2,
        0,
        0,
        2,
        0,
        0,
        0
      ],
      "score_distribution": {
        "0": 26,
        "1": 0,
        "2": 6,
        "3": 0,
        "4": 0,
        "5": 0,
        "6": 0,
        "7": 0
      },
      "score_out_of_7": 0.375,
      "score_percent": 5.357142857142857
    },
    {
      "problem_id": "3",
      "attempts": 32,
      "attempt_scores": [
        2,
        1,
        0,
        1,
        1,
        0,
        1,
        2,
        1,
        1,
        1,
        0,
        2,
        0,
        1,
        1,
        1,
        2,
        1,
        2,
        1,
        2,
        2,
        0,
        2,
        1,
        1,
        0,
        1,
        2,
        1,
        0
      ],
      "score_distribution": {
        "0": 7,
        "1": 16,
        "2": 9,
        "3": 0,
        "4": 0,
        "5": 0,
        "6": 0,
        "7": 0
      },
      "score_out_of_7": 1.0625,
      "score_percent": 15.178571428571427
    },
    {
      "problem_id": "4",
      "attempts": 32,
      "attempt_scores": [
        7,
        7,
        7,
        7,
        7,
        7,
        7,
        7,
        7,
        7,
        7,
        7,
        7,
        7,
        7,
        7,
        7,
        7,
        7,
        7,
        7,
        7,
        7,
        7,
        7,
        7,
        7,
        7,
        7,
        7,
        7,
        7
      ],
      "score_distribution": {
        "0": 0,
        "1": 0,
        "2": 0,
        "3": 0,
        "4": 0,
        "5": 0,
        "6": 0,
        "7": 32
      },
      "score_out_of_7": 7,
      "score_percent": 100.0
    },
    {
      "problem_id": "5",
      "attempts": 32,
      "attempt_scores": [
        1,
        1,
        0,
        0,
        1,
        0,
        0,
        0,
        1,
        0,
        0,
        0,
        0,
        0,
        1,
        0,
        0,
        0,
        0,
        0,
        0,
        0,
        0,
        0,
        0,
        0,
        1,
        0,
        0,
        0,
        0,
        0
      ],
      "score_distribution": {
        "0": 26,
        "1": 6,
        "2": 0,
        "3": 0,
        "4": 0,
        "5": 0,
        "6": 0,
        "7": 0
      },
      "score_out_of_7": 0.1875,
      "score_percent": 2.6785714285714284
    },
    {
      "problem_id": "6",
      "attempts": 32,
      "attempt_scores": [
        1,
        1,
        1,
        1,
        1,
        1,
        1,
        1,
        1,
        1,
        1,
        1,
        1,
        1,
        1,
        1,
        1,
        1,
        1,
        1,
        1,
        1,
        1,
        1,
        1,
        1,
        1,
        1,
        1,
        1,
        1,
        1
      ],
      "score_distribution": {
        "0": 0,
        "1": 32,
        "2": 0,
        "3": 0,
        "4": 0,
        "5": 0,
        "6": 0,
        "7": 0
      },
      "score_out_of_7": 1,
      "score_percent": 14.285714285714285
    }
  ],
  "overall_score_out_of_7": 2.1458333333333335,
  "overall_score_percent": 30.654761904761905,
  "grader_model": "openai/gpt-5.6-sol",
  "grader_api": "responses",
  "grader_reasoning": "high",
  "grader_prompt_sha256": {
    "system": "0fc3a9d6978a9bfa8dc9f90bf62f0b49ff06a6373785df75a43e9aacff18f7c6",
    "user": "891fc2780e070dd0da7181a845798624e1d67ff598c96ec9f35c10dad7567c26"
  },
  "prompt_cache": {
    "mode": "implicit",
    "ttl": "30m",
    "options_sent": false,
    "warmup_attempts_per_problem": 1,
    "input_tokens": 748224,
    "cache_write_tokens": 0,
    "cached_tokens": 603140,
    "cache_hit_attempts": 165
  },
  "usage": {
    "input_tokens": 748224,
    "output_tokens": 942884,
    "reasoning_tokens": 865274,
    "cost": 30.495
  },
  "request_retries": {
    "configured_per_attempt": 6,
    "calls_with_retries": 19,
    "total_retries": 22
  },
  "api_routing": {
    "key_count": 4,
    "key_envs": [
      "PRIME_API_KEY_1",
      "PRIME_API_KEY_2",
      "PRIME_API_KEY_3",
      "PRIME_API_KEY_4"
    ],
    "global_concurrency": 8,
    "max_concurrency_per_key": {
      "0": 2,
      "1": 2,
      "2": 2,
      "3": 2
    }
  }
}
